feature,value,B-LOC,B-MISC,B-ORG,B-PER,I-LOC,I-MISC,I-ORG,I-PER,O
attn_0_0_outputs,0,-0.91803366,0.5594344,1.3260942,0.62638855,-7.233701,-0.32638505,-2.3316047,1.4066848,1.6182383
attn_0_0_outputs,1,2.3193576,-0.55392325,0.69109946,0.9591776,-11.126582,-7.144681,-2.437751,-11.062952,0.50798965
attn_0_0_outputs,10,-3.8801794,-3.9113743,-5.401921,2.807554,2.2234137,-0.8666855,-6.8945713,2.0046208,2.665462
attn_0_0_outputs,11,-4.9135766,0.38000703,-3.1349304,-0.56103486,-9.43119,6.5620394,-0.033419326,1.0318037,-0.1779884
attn_0_0_outputs,12,-1.966819,4.3772616,-7.3218784,-7.771814,-3.0616875,4.33827,-0.1255048,-5.048835,2.503114
attn_0_0_outputs,13,1.3387334,3.0442865,-2.10739,1.2528679,-4.8419437,-7.1887603,-8.390048,-9.198526,2.9326868
attn_0_0_outputs,14,-0.091793805,-0.4431437,-0.4488904,-2.7280884,-0.4257964,3.1059434,1.3197641,-1.812628,-1.53551
attn_0_0_outputs,15,-1.3660893,-1.4218228,-1.1195065,3.0736802,-0.9789938,2.043563,-6.140852,2.1063292,-0.8870802
attn_0_0_outputs,16,-1.7950329,-11.867593,-7.414675,1.8572137,5.1211824,-1.2289634,0.0035982786,0.6246015,2.2973075
attn_0_0_outputs,17,1.9943103,2.906405,-1.6963198,-11.114305,2.4459205,3.1699207,1.9131104,-10.596531,0.021391053
attn_0_0_outputs,18,-0.16567941,-1.960495,0.81628937,-6.468555,-9.117976,0.16391541,4.1556273,2.4146466,0.94653636
attn_0_0_outputs,19,-7.8372884,-1.2666314,1.1118329,-4.0939703,3.4626272,-9.003253,3.7397645,-2.77863,2.142772
attn_0_0_outputs,2,-0.9653434,-2.0327578,2.5308893,0.31573108,-1.0977513,-8.787679,-1.3070704,-10.582835,1.5596861
attn_0_0_outputs,20,-11.059797,-5.2678814,-2.907339,-2.5054135,1.6881294,2.0814207,-2.9421523,9.406125,0.600288
attn_0_0_outputs,21,1.1485816,-0.73275274,0.6842726,-0.5060698,-6.7330675,-3.1170437,0.46422505,-10.178452,2.5694232
attn_0_0_outputs,22,0.026604794,0.06906147,-1.0825776,0.07773574,0.4806983,0.3967265,1.2526228,1.8856605,-0.8418481
attn_0_0_outputs,23,-3.462128,-3.9360945,-7.7971134,-1.9064887,-2.3722706,-9.279576,-1.5549347,3.507771,3.4901128
attn_0_0_outputs,24,-0.9529757,2.6384413,-2.7020519,4.1317096,6.376127,1.0973722,-7.778393,8.882269,-3.7175708
attn_0_0_outputs,25,-0.33486006,-0.76993096,3.0413303,-7.1908784,3.1492734,-6.71646,0.8717408,5.63974,-0.2694569
attn_0_0_outputs,26,1.0817066,3.3493192,0.53125024,-0.86778575,-11.319513,-7.61739,2.409033,-7.251453,0.4679948
attn_0_0_outputs,27,-1.0875244,-0.3174082,0.90206283,-0.3013249,-6.1106424,1.8437899,-9.0747595,-7.6067038,1.8452315
attn_0_0_outputs,28,-2.2024763,-2.5510426,-3.62846,3.2773764,-8.152163,0.91742253,0.009070556,3.0693328,0.26727414
attn_0_0_outputs,29,-6.9736314,-3.200993,0.5097598,-6.0062785,4.7412925,0.76794165,0.9904823,1.9730877,-2.526176
attn_0_0_outputs,3,4.328814,-1.3990283,1.142502,-0.3978733,-8.816169,-9.201461,-4.1546617,-11.694767,0.07396527
attn_0_0_outputs,30,1.5631344,-0.9527462,0.028878145,-0.51010674,-4.6357884,-1.7067003,1.8026845,-3.8797817,-0.05768022
attn_0_0_outputs,31,-2.2982724,-1.0666195,0.97827417,5.10035,-5.7158246,6.4345603,-9.131272,-4.1441555,-0.057981644
attn_0_0_outputs,4,1.4901739,-6.6227903,2.7576723,2.5745308,-8.921113,3.7473812,2.096634,-9.453677,-0.13457601
attn_0_0_outputs,5,1.8155478,-0.11565313,2.4897463,1.1915436,-10.55266,-4.1466618,-5.2918153,-6.541339,1.0594718
attn_0_0_outputs,6,0.008464602,-5.6970286,-2.7425244,-4.673237,1.5584725,-4.4900856,5.1252813,-3.2858157,-2.0430243
attn_0_0_outputs,7,-10.896694,-8.6528015,-0.713804,2.6416667,1.9733032,-1.8459885,3.3142486,4.010809,0.36321357
attn_0_0_outputs,8,-2.8319776,-5.923721,2.6411293,1.3667591,0.784467,-0.39743295,-4.880392,6.589723,-1.9918417
attn_0_0_outputs,9,1.7840414,-3.0110297,1.0465407,-7.132088,-1.7384452,-5.2500105,2.8463907,-5.2422194,2.30081
attn_0_1_outputs,0,-0.6073806,-1.6598986,1.5648379,-1.6130244,-0.2943583,-2.1750703,0.10449163,-0.42825803,0.5127287
attn_0_1_outputs,1,0.518674,-1.3810427,-0.71176696,-0.5583129,0.7576759,-0.6244885,0.42585835,-0.2256704,-0.14919797
attn_0_1_outputs,10,1.1150187,-3.0887942,-5.169664,0.8056079,0.9772164,-0.3735037,-2.2748733,-0.33922467,2.7867863
attn_0_1_outputs,11,0.6224478,1.6618328,-2.1270602,-1.4196037,1.5644015,1.2357502,-4.4058547,1.1028857,0.48877832
attn_0_1_outputs,12,-1.5530481,-1.460368,-1.965276,3.3690975,-4.6839657,1.6532362,-1.2043158,1.5247978,-0.07795518
attn_0_1_outputs,13,-2.6955786,4.463589,-1.7166097,-3.2588477,2.4254024,3.5169992,-4.515898,-9.942415,1.1917487
attn_0_1_outputs,14,-2.993299,0.7414324,-1.7761239,1.0860747,-0.7862139,-0.5540874,-1.1454488,-1.4875362,1.7147683
attn_0_1_outputs,15,0.10737356,0.17288062,0.5407005,0.8155804,-0.089819856,-3.186212,0.80360734,-0.76474196,0.2429913
attn_0_1_outputs,16,-0.6178534,-3.467766,-0.7394704,3.3402073,3.1144555,-8.495844,1.2316183,-0.43601182,-0.06361198
attn_0_1_outputs,17,2.7435088,2.2448254,-0.42923218,-4.693712,2.7698357,6.4862165,-3.6479704,-7.2455773,-2.7297006
attn_0_1_outputs,18,4.33896,-2.9983692,0.5334376,-4.6977453,0.28716806,-2.559865,-0.5934079,-0.32814577,0.5079655
attn_0_1_outputs,19,-5.1984153,2.724806,1.6231238,4.2542334,-9.844196,-8.609381,2.157496,4.0216928,2.6169143
attn_0_1_outputs,2,-0.39225912,-0.48437455,-0.3848543,-0.09214341,1.5202576,0.43785214,0.7556392,-1.1300364,0.30544785
attn_0_1_outputs,20,0.17920011,0.24553344,-0.68649995,-4.4961705,3.593607,-0.46515343,-0.07083151,-2.187447,2.0706773
attn_0_1_outputs,21,2.4079828,-4.881777,0.789992,-4.534229,0.0035925715,2.3978305,-0.77122927,-1.1811371,-0.015246887
attn_0_1_outputs,22,-3.0805743,-3.1974497,3.6834865,0.38309872,-7.401127,-5.274147,2.9769454,-2.5217967,1.7307688
attn_0_1_outputs,23,-2.730515,-0.027977444,-3.9831238,-0.5438579,-1.5626402,-2.8938696,-3.0511267,0.31332955,6.2406425
attn_0_1_outputs,24,-2.6332018,-0.032541886,-0.8576688,0.4170481,-15.21374,-1.5413516,-2.4448802,8.935325,-3.959078
attn_0_1_outputs,25,0.939403,-1.3505627,-0.720005,-0.04488455,-0.49089223,-1.0704939,0.9245507,0.5256023,-1.5134138
attn_0_1_outputs,26,-3.086948,4.114521,2.9428558,-0.24346524,-11.034366,5.5032682,0.98747617,-8.732404,0.5713387
attn_0_1_outputs,27,0.02631717,3.4728427,-0.26802075,-1.6946859,-0.92106944,-1.5317396,-2.6903207,-8.12767,2.344405
attn_0_1_outputs,28,0.04319795,-7.6393332,6.3802037,0.7216706,-6.757362,-11.687719,6.1167755,-5.4480467,1.3107045
attn_0_1_outputs,29,-5.301073,-2.0779138,1.2608829,-0.69708496,0.28368497,3.6025133,0.033422615,-2.0170588,0.536327
attn_0_1_outputs,3,3.6395373,-2.4557688,-2.4084132,0.5275864,4.3259273,0.6095171,-5.939165,-0.85802734,-0.06400061
attn_0_1_outputs,30,0.28270268,-3.7931898,2.6386304,-0.49260926,0.3157311,-3.9887624,-2.0749302,-2.987554,1.0318491
attn_0_1_outputs,31,-4.75144,3.7046087,-6.291178,4.138601,-5.806534,5.4749575,-9.854447,2.1032145,-0.29363772
attn_0_1_outputs,4,0.2510183,-1.5675685,-0.6848343,0.17186859,3.3438587,-1.1989937,0.5810223,2.82698,-0.7111181
attn_0_1_outputs,5,-0.15642522,0.37699866,0.43784687,-2.44802,1.6740067,1.0184878,0.0068437485,-5.6915274,-0.62078357
attn_0_1_outputs,6,-2.0579348,-3.5376234,1.4179287,-3.6221716,-2.0329187,-9.584685,6.1896544,-0.5242131,-0.8774878
attn_0_1_outputs,7,-1.6015177,-0.29081157,2.3711386,0.6149051,-4.1469936,-2.8571165,1.9734083,-3.0590293,-0.14099452
attn_0_1_outputs,8,-0.22578552,0.83547705,-0.93085384,1.5641723,-0.29678056,-3.292375,-0.81971925,0.3577173,0.20897567
attn_0_1_outputs,9,-6.149891,-1.9832107,6.0338297,-2.09986,-11.412919,-4.607132,3.8920403,-2.801851,0.8260629
attn_0_2_outputs,0,2.7330067,-0.1783951,-0.36618814,0.008738182,3.410698,-2.5463245,-1.0051881,-2.8533998,-0.0780926
attn_0_2_outputs,1,0.3204103,0.40391088,0.9016812,-1.1283478,-4.675189,-1.7912714,-0.8917119,1.7372153,1.0523281
attn_0_2_outputs,10,1.2874126,-6.164095,0.95884424,-1.3435822,-1.2375526,2.55929,2.4318817,-0.42449498,1.6345065
attn_0_2_outputs,11,-0.71640456,2.5636096,-2.5589004,-1.892513,1.162237,0.49689537,-2.8595233,3.3919077,-0.109535865
attn_0_2_outputs,12,0.7026909,0.9667624,-1.1762639,0.6670249,-4.7483582,0.90571356,-0.9044699,-2.766365,0.6616865
attn_0_2_outputs,13,1.9604446,1.3509494,-1.780894,-2.467825,-5.906536,1.509734,-2.6243396,-4.122659,1.8015689
attn_0_2_outputs,14,3.7157915,-1.5869051,-4.717344,6.840532,-1.758506,1.278842,-0.123390146,0.19018228,-1.1119286
attn_0_2_outputs,15,0.41398662,1.9672649,0.8137576,-0.52162623,-0.80029017,0.99283355,0.3260224,0.49613172,0.1821559
attn_0_2_outputs,16,0.34338158,-9.651715,-1.2934519,2.366152,1.3336862,-12.012987,2.0209055,-1.4916266,1.2896389
attn_0_2_outputs,17,0.7003005,1.4625868,-7.082987,-4.910348,3.6031144,4.0878124,0.40796146,1.5468782,-0.12694877
attn_0_2_outputs,18,1.326441,-4.942119,-1.1375585,-0.027849045,0.34634343,-3.5282075,0.8143249,-6.282882,1.8650477
attn_0_2_outputs,19,-5.7325234,-1.9196854,-1.39763,4.4080324,-7.24298,-5.54267,2.3537016,5.2625537,-0.6551003
attn_0_2_outputs,2,-0.14713311,0.62893295,0.28508812,-0.7083441,-5.1592774,-3.1118855,-1.790777,-3.972467,0.91551864
attn_0_2_outputs,20,0.35496733,-2.0717201,-1.9754726,-3.9890337,-0.58347267,4.605181,4.4332743,-0.025734868,0.9727694
attn_0_2_outputs,21,0.7491995,-6.060738,-0.8858158,0.22660524,3.0383058,-0.87431234,-2.1427848,3.2659464,-0.6993598
attn_0_2_outputs,22,-0.86904246,-2.1798205,2.919134,1.5009769,-5.733996,-3.7986758,-1.8748435,-5.0462046,-0.4530719
attn_0_2_outputs,23,-2.0838726,1.8010405,-4.7142797,-0.39573377,-0.53881735,-1.0908104,-3.1967719,0.54808855,4.1224146
attn_0_2_outputs,24,-0.39409646,5.21188,1.3112293,-2.627882,1.6674812,2.8617034,0.8183314,0.23430884,-2.0456061
attn_0_2_outputs,25,-2.1624405,-3.7190967,-0.7746634,0.67923635,0.8275341,0.087916404,-0.9780362,5.948016,4.113914
attn_0_2_outputs,26,-3.7527263,0.9629377,-0.39418215,-3.2706358,2.6331513,3.4536502,0.8500283,-2.438878,0.92674917
attn_0_2_outputs,27,-0.11432501,-0.74518484,-1.066743,-0.81046504,-3.9107208,-2.183354,-3.0549307,-7.1172156,2.4033184
attn_0_2_outputs,28,-5.892048,-6.5190215,3.8656435,-4.269187,-1.036849,-2.6350675,2.0051763,0.61761,0.4444224
attn_0_2_outputs,29,-1.9473237,-1.4439312,0.28185463,-2.76472,2.4914541,-3.5860264,-1.2869996,6.194586,-0.99155045
attn_0_2_outputs,3,2.9243085,-0.8864671,-1.2003741,-1.1328802,5.0061088,-1.7055733,-2.0446603,-5.0427594,-1.844371
attn_0_2_outputs,30,-0.32836094,-5.790306,1.0148963,0.07641551,-4.798605,-2.4270275,-0.052728485,3.0083992,-0.93289256
attn_0_2_outputs,31,-3.8683503,0.053860366,-4.7084775,-1.0075862,-0.949466,3.325113,-2.191992,3.0798812,1.0962936
attn_0_2_outputs,4,1.0109758,0.41632497,1.1965733,2.8921576,0.47093394,-3.100879,-0.8092026,-0.7779554,0.6514465
attn_0_2_outputs,5,0.69254386,-0.093942925,0.6141871,2.0978808,1.8085866,0.23176381,0.3646225,-4.3761473,-0.7943845
attn_0_2_outputs,6,1.4647623,-0.38062468,2.5951023,-2.2855804,-8.253966,-3.0393326,2.8516605,-3.9953716,0.14270175
attn_0_2_outputs,7,2.2265022,0.27447972,2.177383,0.28118885,-1.7920599,-0.12795895,0.42496073,-3.5088754,-0.9089579
attn_0_2_outputs,8,-1.4232119,1.7219355,-2.940622,0.6073053,1.1112331,5.2938056,-0.81221664,2.1781826,-1.3924024
attn_0_2_outputs,9,-3.687924,-0.99847585,-0.15420963,-1.3403586,-9.488222,-2.2469633,3.5345275,0.74423647,1.2427846
attn_0_3_outputs,0,-0.7532383,-1.3806592,1.3105115,0.9970485,0.013214141,0.2392026,0.16699676,-0.80141735,-0.36369413
attn_0_3_outputs,1,1.7300761,-4.194632,-0.970557,-1.0258846,1.1433393,-0.6807218,1.0302455,-0.19075002,-1.3922716
attn_0_3_outputs,10,0.33344692,-0.8849121,-1.3945168,-0.09677323,-1.3244023,-0.3987467,-0.9205654,-0.64995027,2.288989
attn_0_3_outputs,11,0.29199553,2.472996,-2.0564802,-0.6065262,-0.3689164,0.9494731,-2.276612,1.8946571,-0.3461248
attn_0_3_outputs,12,-3.4916623,-0.2969965,-1.1778809,4.237857,-1.4250506,-2.950795,-2.9473174,2.4436727,1.0523314
attn_0_3_outputs,13,1.2431277,1.4269235,-0.87967575,-2.3768175,-1.5139006,0.18158825,-0.94305164,-7.4654684,1.2778195
attn_0_3_outputs,14,-2.9347854,0.94433147,-3.7138631,-0.57883257,-7.252848,1.0791979,1.3968269,1.5870368,1.054234
attn_0_3_outputs,15,-1.2701534,-2.8067205,0.20007908,-0.21764278,-1.7113792,-1.9765283,1.9780315,-0.8644752,-1.0302843
attn_0_3_outputs,16,-0.8572492,-5.965405,-1.3599869,5.5872664,-2.9079893,-8.897125,2.286087,0.45813227,-1.5931593
attn_0_3_outputs,17,4.8873353,-0.56662273,0.15783899,-1.7913898,-1.0265809,-2.0716074,-0.5308272,-5.6659055,0.119520664
attn_0_3_outputs,18,1.8913721,-4.236379,-1.1341052,-2.5496132,2.2773902,-2.637648,0.38867414,-1.1265181,-1.3852881
attn_0_3_outputs,19,-5.043917,-1.321532,1.4755512,3.7673392,-7.129402,-1.6662534,0.68181235,4.799721,0.8581828
attn_0_3_outputs,2,0.9497142,0.99891675,-0.5951627,0.68710107,-1.8771794,-2.477395,-0.8448043,-1.3279369,-0.64831454
attn_0_3_outputs,20,-1.1586741,3.2473328,-1.2045146,-3.7641993,-0.12568498,0.6306343,1.6710362,-0.85054874,-0.015185314
attn_0_3_outputs,21,-0.83621156,-1.397522,1.8302661,-2.0555542,3.4979522,-3.7885635,-0.5471041,-1.4290963,-2.495085
attn_0_3_outputs,22,-3.2591293,-2.2279122,1.351062,-3.216968,-2.1305022,-5.481369,2.9956098,0.7865791,0.5988501
attn_0_3_outputs,23,-2.3909712,0.45210442,-1.6142913,-0.2021987,-3.7497423,-1.5493652,-1.2685153,0.6234998,0.5954441
attn_0_3_outputs,24,-0.6828838,3.9233093,2.6130717,1.5502031,-5.4777746,1.4057275,0.5611682,-2.9397864,-0.20392412
attn_0_3_outputs,25,0.62158597,-7.0585737,2.0440178,-3.7599297,-0.9627229,2.419788,0.15281208,0.39868197,-0.54581803
attn_0_3_outputs,26,0.6806165,1.7790016,1.6785232,-2.4156718,-0.25586337,1.3642138,1.6946706,-4.1882396,-0.43127477
attn_0_3_outputs,27,2.1417952,1.3011438,-1.2841687,-3.1051672,-1.7955585,-2.6852295,-0.11872745,-2.8360791,-0.26738995
attn_0_3_outputs,28,0.27894667,-11.497367,1.5539528,-1.5375302,6.851229,-3.8090503,3.007365,0.8321224,0.17025864
attn_0_3_outputs,29,-1.900541,-3.1286457,0.81860113,3.8315997,-1.2978712,-7.427567,0.7663927,-0.77851635,0.824327
attn_0_3_outputs,3,1.5264883,0.52634805,-0.06999444,-2.3123856,6.4313717,-0.0789304,-1.8060985,-2.036974,-0.12970212
attn_0_3_outputs,30,0.19007103,-1.0329857,2.1229904,-0.6734446,2.3971496,-3.2759771,-2.446084,5.340586,-2.8091562
attn_0_3_outputs,31,0.3207614,2.0655386,-0.7057653,0.1358059,1.1851884,2.0282598,-3.9004304,-0.8514673,0.3295879
attn_0_3_outputs,4,0.51275384,-0.2931352,0.0036046046,0.04777247,-0.20930654,-0.49644879,0.13572137,-0.7867328,0.54863685
attn_0_3_outputs,5,-0.760203,3.5011086,-1.2719702,-2.0292614,-3.0837078,-1.4630089,-1.9154755,-2.218614,0.2731066
attn_0_3_outputs,6,-2.1937833,-0.3536559,1.5747129,0.0055949287,0.48355082,-2.5102663,2.583737,-2.6191084,0.40740523
attn_0_3_outputs,7,0.21744885,0.13853471,-0.69950587,0.26660907,-2.1184702,-0.6544107,0.21696627,1.6078407,0.70281005
attn_0_3_outputs,8,-2.015921,-0.9815981,-0.060907215,0.43927044,-2.7315435,0.6032435,-1.9578445,5.341594,-3.099862
attn_0_3_outputs,9,-2.7975159,-0.67648715,2.7696438,2.761771,-5.2113953,-0.42990896,1.5781549,-1.5692859,1.3807424
attn_1_0_outputs,0,0.080031075,0.7423616,0.4253818,-1.7430706,-2.9020684,1.9420844,-0.28185833,-3.0810518,0.076423645
attn_1_0_outputs,1,-2.8420146,-1.4892739,-1.9932759,-2.2095582,-1.4856825,0.7788972,0.6187337,1.791269,1.4407284
attn_1_0_outputs,10,2.9329345,-2.178748,-4.4930286,-1.4745936,1.7213187,-4.337729,-4.1698637,-0.95854014,2.4931624
attn_1_0_outputs,11,0.10975839,0.9942475,-1.7871273,0.008794307,2.2239823,1.899701,-2.5732265,1.9070863,-0.51932544
attn_1_0_outputs,12,-2.0525212,0.81833065,-2.4875615,3.0045786,-2.7506793,0.8213808,-1.2675428,1.4325389,0.79969114
attn_1_0_outputs,13,0.32326287,-0.31788784,-1.3005719,-2.423517,0.12383377,2.9651213,-0.83958155,-4.2612686,0.35438064
attn_1_0_outputs,14,-0.42409116,-0.90364754,-0.9981375,-0.3216243,-0.99229926,-0.7212371,-5.1302996,-1.1251872,3.8394535
attn_1_0_outputs,15,-0.39706483,-1.7223003,0.4510185,-0.77805215,0.41964802,0.90448415,-1.7799603,-1.9518319,-1.3537687
attn_1_0_outputs,16,-1.258207,-1.5763612,-2.5743191,3.5682876,-2.0398076,-7.667051,-1.212124,0.90520734,0.14886375
attn_1_0_outputs,17,2.0260575,-1.4530603,0.5316188,-2.7189279,-0.46399674,0.88213795,1.4924787,-3.3865416,-0.6674512
attn_1_0_outputs,18,2.0244284,0.5186692,2.1369362,-0.8810925,-0.45478997,-3.7852085,-1.0647788,-6.707223,-0.61895496
attn_1_0_outputs,19,-4.7395964,-1.9126608,-0.8010472,1.3235846,-5.240283,-2.6181679,1.2831478,1.0737208,2.2101734
attn_1_0_outputs,2,-0.9232449,-1.2649518,-1.8451601,0.8489299,0.28554255,1.2230046,0.60511947,-2.0140347,0.819744
attn_1_0_outputs,20,-1.0572675,2.3286607,-0.51166624,-0.72013915,-2.0891314,1.7640617,2.22078,-0.062371403,0.80023116
attn_1_0_outputs,21,-0.16922401,1.0397694,-0.34129745,-1.9293123,1.2509708,-2.5236578,1.5356604,1.7503021,-0.26172844
attn_1_0_outputs,22,-0.0022460234,-1.6334854,2.0387058,-1.220678,-5.34866,-7.1022506,3.0754516,-3.2796752,0.020337775
attn_1_0_outputs,23,-4.8583713,-0.30448684,-3.0044816,1.1665376,-1.652295,-2.254821,-2.4645011,-0.16808784,1.6014644
attn_1_0_outputs,24,0.34770498,0.6812138,1.4356488,-1.3557386,-1.5113184,1.8989462,-0.36126342,-0.6416542,0.23924863
attn_1_0_outputs,25,-0.080322556,-0.70668525,-0.7730521,1.8089465,1.5268482,0.19916643,1.247853,-1.7881821,-3.4225142
attn_1_0_outputs,26,-0.46429476,2.1785076,1.486918,-2.264319,-0.4552159,1.8972839,2.5240815,-0.8719047,-0.9662318
attn_1_0_outputs,27,0.8462724,1.0275371,0.7957443,-4.441932,-2.0521257,-2.6616333,-1.2929417,-8.180897,2.371379
attn_1_0_outputs,28,-0.529697,2.9437869,0.8847666,2.8848193,-2.2728891,-4.064508,1.4070895,-5.0310044,-1.1710458
attn_1_0_outputs,29,-0.5247711,-1.7973293,1.9320978,1.3188283,0.92792726,-1.1704831,1.2235686,-1.7616436,1.1593869
attn_1_0_outputs,3,1.7448695,-0.09477339,-2.205017,1.0226865,3.9254193,-1.071033,-2.9455228,-5.659932,0.93434894
attn_1_0_outputs,30,1.0074294,-2.6351469,1.8292264,0.053041197,-4.338229,-9.801465,-0.45449317,3.6005356,-2.0021737
attn_1_0_outputs,31,-0.7863534,2.5908842,-0.4912522,3.155311,-1.271823,1.6933638,-2.2841861,0.7889189,-0.45968044
attn_1_0_outputs,4,0.45475605,0.62987757,1.1246631,0.569201,-0.018854225,-0.48963654,1.2812538,0.42176002,1.0554136
attn_1_0_outputs,5,-0.10013186,-0.040162228,1.1500566,-2.816932,-1.6432551,-1.6576316,-0.5623359,-3.8659234,-1.1090021
attn_1_0_outputs,6,-1.1970197,-0.71632147,1.3218046,-2.391078,-1.0242395,-1.058744,0.39340177,-3.6398032,1.7455803
attn_1_0_outputs,7,-1.2109952,-1.8601495,0.56277746,0.782315,-0.7766718,-1.6919593,2.0793178,1.1388273,1.254671
attn_1_0_outputs,8,0.92391264,-0.8025626,-0.9225063,2.0176332,-3.2311811,-0.36403874,-2.2982323,0.06364214,2.3606853
attn_1_0_outputs,9,-1.5080317,-2.8319778,1.211723,1.5657793,-9.117294,-3.237915,2.379681,-1.6657728,0.6114514
attn_1_1_outputs,0,0.46066582,1.2210741,-0.8050681,-2.1751537,0.32482672,-1.9245218,-0.6944009,2.383011,-0.7644575
attn_1_1_outputs,1,0.26579976,0.98799235,-0.6826027,-1.2626337,-2.5523474,-1.1959531,1.2469546,0.86180687,-1.5093143
attn_1_1_outputs,10,0.5795137,-0.6372844,-4.1580324,-0.35234633,0.22258693,-1.2176629,-1.5879462,-1.4207981,-0.9882764
attn_1_1_outputs,11,-0.2865332,0.7190094,-1.144608,2.2804346,1.5742327,-0.8973579,-2.323035,0.51974785,2.6620438
attn_1_1_outputs,12,-0.6942475,-0.20425345,-0.16035947,0.29015034,0.09502506,1.881374,-0.924439,1.0317032,0.026344895
attn_1_1_outputs,13,-0.18554012,-0.23588204,-1.8275651,-1.5523062,1.7207001,4.66536,-4.0753603,0.2639839,0.54402137
attn_1_1_outputs,14,-3.401561,1.6052794,-0.6242346,-1.9492573,3.2421286,2.3400412,-3.0111532,-2.9613445,1.2824854
attn_1_1_outputs,15,-2.4839025,0.3902062,0.52107227,1.2113833,-1.5588661,-0.36467376,4.0425057,0.3927794,-0.93153745
attn_1_1_outputs,16,-1.7637889,-2.649261,1.0252578,2.1479375,-0.09740755,-10.155795,0.9263383,2.4400485,-0.24838902
attn_1_1_outputs,17,-0.17412525,0.4074176,1.4879807,-1.4617039,2.0097644,-0.978992,0.5980822,-2.1048508,-0.75397
attn_1_1_outputs,18,2.037475,-3.3200293,-1.481002,-3.3704293,3.99576,-3.4693391,-2.1577384,-1.5689251,1.4680775
attn_1_1_outputs,19,-1.2264298,0.84252334,2.0161958,0.63580656,-0.93915087,-6.491998,3.3187034,1.3693022,-0.07511836
attn_1_1_outputs,2,-3.247256,0.16930339,-2.7501886,-2.200509,0.2322753,2.8089526,-0.5117109,0.70424366,1.1717825
attn_1_1_outputs,20,0.61324877,0.4472262,-0.06443571,-1.0569315,1.5343668,-0.90559775,0.15644692,1.551011,0.56324416
attn_1_1_outputs,21,1.0555205,-1.8374395,-0.69569314,-0.35898772,1.7377299,-0.63427514,0.93146527,0.6340778,1.828592
attn_1_1_outputs,22,-1.1278355,-1.2886823,-2.2557619,0.312926,0.56182444,-2.4478588,0.60968703,1.0540583,-0.533394
attn_1_1_outputs,23,-0.05669771,0.6769041,-3.5690994,-1.2704942,-3.6210794,-3.1012459,-0.2044592,0.005413383,2.9229455
attn_1_1_outputs,24,0.64609206,1.3526261,-3.2978685,-0.07182158,-3.1868887,2.745521,0.37641877,4.157333,0.8459052
attn_1_1_outputs,25,-2.5848958,0.503031,-1.3936834,-0.29537597,-1.0591924,-2.1029708,-0.30768365,-1.7963729,1.1387379
attn_1_1_outputs,26,0.41216123,0.25415024,1.1948793,-0.45615608,2.2274303,0.4753455,0.90953714,-0.823365,0.883604
attn_1_1_outputs,27,1.2311532,-0.16956547,-1.7882689,0.14493906,-0.14891022,-1.5361534,0.38845333,-3.5945382,0.70562184
attn_1_1_outputs,28,-3.2739117,-1.8739235,1.602199,-1.6060507,1.6268927,1.142029,4.319227,-0.68985003,-1.574676
attn_1_1_outputs,29,-0.83221096,-4.6414766,-1.4689113,1.9906033,-0.85830003,-2.044596,0.26647827,-0.14282739,1.415466
attn_1_1_outputs,3,1.9718527,-0.7734896,-1.1043164,-0.15385842,2.985737,3.0211039,-1.9066336,-0.79331636,0.80931914
attn_1_1_outputs,30,-0.33295402,0.7900948,1.3625381,0.8295598,-0.40323663,-4.582111,-0.431215,1.4867283,-0.5076361
attn_1_1_outputs,31,-0.6049763,1.0457213,-0.62713015,0.83317465,-2.7807481,0.37530687,-2.1471782,1.4175583,2.9103265
attn_1_1_outputs,4,-0.22849295,0.5734143,-0.7168215,-0.45576057,0.43223223,-0.17263901,0.26462483,-0.39934647,0.91507125
attn_1_1_outputs,5,-1.0954038,-0.78486097,1.8614819,-0.27000085,-2.2328167,-1.8484061,-0.7536556,-1.7279698,-0.3619299
attn_1_1_outputs,6,-0.18804981,-1.025471,1.2546476,-3.1389241,0.38597685,0.4929462,0.35198534,-0.67791104,2.3610728
attn_1_1_outputs,7,-0.6073084,0.18349099,0.46768647,-0.06645843,-1.1309261,0.16615793,0.7857468,0.29868343,-0.20242861
attn_1_1_outputs,8,-3.1299002,-2.3205242,-0.4004314,-0.03421312,-0.17214365,-0.9621611,1.8320487,2.4502418,0.13207981
attn_1_1_outputs,9,-2.2661548,1.5421386,0.49162048,0.21024865,-8.888813,0.71342397,3.8996286,-1.8800908,0.5299076
attn_1_2_outputs,0,2.9935625,0.9562779,-0.9427167,0.6715763,-5.8581977,-3.8817546,-1.8315557,-3.0946183,0.75118136
attn_1_2_outputs,1,2.3495483,-0.42291608,0.026533708,-0.93611085,-4.4566,-6.0591197,-2.6105273,-9.208277,2.1049411
attn_1_2_outputs,10,-1.2942253,0.082921796,-0.32925782,3.7955735,1.8314893,1.1049361,-7.6174216,-3.2781787,1.0015204
attn_1_2_outputs,11,-0.65314955,0.34264156,-5.294717,-0.75857264,-1.8493519,-1.7541809,1.1440463,4.9554563,0.44323298
attn_1_2_outputs,12,0.569257,0.8372343,2.7232645,2.9053931,-5.226444,-14.6642885,-8.780207,-5.0707784,1.8796916
attn_1_2_outputs,13,-0.36674422,1.6285678,-0.41210008,-2.5866382,0.39492735,2.2411063,-1.1180068,-6.773267,-0.6518739
attn_1_2_outputs,14,-4.3923717,-6.162083,-3.6218002,-6.815666,1.5194548,2.7689638,2.747094,-0.68305516,4.5204325
attn_1_2_outputs,15,-0.8073349,-2.524838,-0.49319234,0.589034,1.5724721,4.296757,-0.088931456,2.8371456,0.4418334
attn_1_2_outputs,16,-5.0099554,-0.48874053,-1.2948277,-0.62955284,0.74646175,-8.848535,3.02642,4.3460402,1.3338333
attn_1_2_outputs,17,-0.5710438,-2.0345042,2.814871,-6.3983755,6.6172776,4.875028,1.8221985,-6.175019,-4.033488
attn_1_2_outputs,18,1.5976231,-3.525675,-0.8387775,-0.4967746,0.66247874,-1.4699639,0.3090671,-5.046617,1.6357104
attn_1_2_outputs,19,-3.4062448,-0.8485482,-1.5825781,-1.0160974,-6.3815126,-4.9953732,5.6310353,0.20095219,1.3857121
attn_1_2_outputs,2,1.0610678,0.86966133,2.0371103,0.52435166,-7.974266,-2.6444626,-2.5173454,-5.9961305,0.3359027
attn_1_2_outputs,20,-3.0124748,-0.4155971,-2.0414274,-3.075746,1.529863,3.4614785,-1.5072697,8.3445835,-0.7557613
attn_1_2_outputs,21,-2.865033,2.152635,-0.98817843,-3.249769,-1.7077401,1.8481977,-0.22651552,6.6027107,0.76500124
attn_1_2_outputs,22,-1.0645947,0.5309597,1.2535741,-2.4760919,-7.3985715,-4.227303,3.552937,-7.0500097,0.45405087
attn_1_2_outputs,23,1.717135,-5.442855,-1.4719936,-1.5859616,-9.7093315,0.70560545,-2.6870027,4.67044,3.0302448
attn_1_2_outputs,24,-2.1809163,-3.1373518,-2.6263678,-0.5514104,-0.9319941,0.6005609,2.4934828,9.644505,-1.3337611
attn_1_2_outputs,25,-3.0201836,-2.9017537,-1.1643316,-2.65593,4.8372793,6.0977397,2.5983393,-7.8911214,-3.3794003
attn_1_2_outputs,26,-2.9476352,-0.10106978,-0.9526217,1.8863963,3.638277,4.32104,3.47402,-8.933749,-0.99838954
attn_1_2_outputs,27,-0.85768545,2.3645682,1.0370862,-3.0349166,-3.737811,-3.2999501,-6.3212485,-7.6036625,1.9320525
attn_1_2_outputs,28,-0.70257276,-1.9740576,-1.5015937,-3.5387454,0.5400483,-2.1240346,2.959292,6.9021707,0.37993678
attn_1_2_outputs,29,-7.045891,-1.7099941,-2.540652,2.696643,1.1385233,-5.006848,2.7521856,3.9822452,0.97255003
attn_1_2_outputs,3,2.0352104,1.8072106,-2.133202,0.98615074,-4.1618395,-1.2964076,1.0293591,-4.4696136,1.712837
attn_1_2_outputs,30,-1.1054283,-3.0371106,-3.4821591,1.6634518,-6.0391903,-4.091157,2.3614576,2.3402953,1.6992321
attn_1_2_outputs,31,-1.5646054,-0.094691396,-3.4215884,-1.880984,-2.0223813,5.1178875,-0.56891626,4.42087,-2.3343399
attn_1_2_outputs,4,2.1506853,0.8233145,2.5969584,3.045419,-10.110948,-7.0715966,-2.508711,-3.287653,0.53052354
attn_1_2_outputs,5,1.6149118,0.44530943,0.89458364,-2.4039292,-6.7011056,1.1188953,-1.161408,-9.879778,0.8606372
attn_1_2_outputs,6,-1.5388851,-0.3871085,-5.491212,-4.724078,3.8160086,0.016603373,5.963636,-7.8147893,-2.4000509
attn_1_2_outputs,7,-2.2572355,-0.94700754,4.251609,1.7254105,-7.281564,-4.1819305,-1.5741409,-4.5193806,2.8118312
attn_1_2_outputs,8,-1.4452696,-0.38967466,3.8158903,2.0177584,-3.3419678,-9.191086,-4.419722,-2.0906963,1.2636478
attn_1_2_outputs,9,-2.1931689,0.6230264,1.9420384,0.73060805,-7.080091,-1.4822042,1.8560534,-3.0481014,0.65342253
attn_1_3_outputs,0,-0.20794356,0.36790448,0.1315117,-3.038289,1.998909,-1.7372428,-0.06125759,-3.74065,1.4760978
attn_1_3_outputs,1,0.44754574,-0.8963945,-0.24682285,-1.3696262,1.0792444,-1.8038262,-1.0396826,0.11514627,0.38400093
attn_1_3_outputs,10,0.31004977,-3.4701762,-5.1133633,0.2607319,2.9303586,2.119767,-1.5737588,-0.59724206,2.4674938
attn_1_3_outputs,11,1.18142,3.461773,-1.5342191,0.10380425,-0.98535717,-2.8401432,-0.28832197,1.2747016,1.7341958
attn_1_3_outputs,12,-3.8032174,-0.13068768,-1.5801677,2.7950306,-7.749731,1.9622616,-3.114448,2.5934074,1.812082
attn_1_3_outputs,13,-3.0620232,3.6801257,-2.9171948,-3.59535,-4.505205,4.6407704,-4.5473504,-3.2753036,1.6551695
attn_1_3_outputs,14,-4.359616,-0.78425413,-1.7534833,3.069635,-9.44615,-1.8989449,-2.2973146,-0.018258184,3.0046294
attn_1_3_outputs,15,0.1255451,0.067024,0.0047382438,1.064653,-1.4251969,-0.13293654,-0.36923224,-0.13785349,-0.2633491
attn_1_3_outputs,16,-1.442311,-4.992863,-1.5837107,5.7880716,-1.643656,-3.2777302,-2.4980698,2.6503737,0.8070651
attn_1_3_outputs,17,0.25749645,-4.265952,-2.6469524,-3.3143373,7.8641343,1.0624353,0.13702609,-3.599955,-1.7057327
attn_1_3_outputs,18,2.9208357,-6.5522265,1.790795,-2.787304,-0.2353911,-12.393142,-0.12526067,-6.296058,1.7071694
attn_1_3_outputs,19,-6.1210227,-2.689184,-3.4565217,0.906929,-7.914876,-10.7367935,6.3206787,2.724757,0.32654738
attn_1_3_outputs,2,-0.96596014,-0.13809247,0.046828073,-2.0352626,-1.4186844,-0.112096414,1.1365027,-1.0064353,0.2288122
attn_1_3_outputs,20,-3.7299025,2.0167594,-1.2952974,-2.9505188,-0.9667087,2.666718,1.8008451,-0.39225852,2.0505884
attn_1_3_outputs,21,3.5207503,-2.5206735,0.38283697,-4.796656,-3.0003707,-5.8654675,0.34533086,-4.066805,0.26032424
attn_1_3_outputs,22,-0.98973614,-0.56267554,1.4219073,-1.830861,-5.9698462,-2.7586517,1.8586867,-4.3720407,1.5864508
attn_1_3_outputs,23,-1.7163621,0.27183014,-4.5154185,2.0237093,-2.2473783,-3.4152374,-3.651078,-0.99254566,5.597811
attn_1_3_outputs,24,-0.038611855,2.8156633,0.40445712,3.1089256,-6.8894496,-3.2241483,-0.29044852,1.951105,-2.720337
attn_1_3_outputs,25,1.1714205,-2.6411798,0.54855067,2.2412338,-3.299923,-1.0410916,-0.2783525,-2.0406065,1.1995242
attn_1_3_outputs,26,-1.2181677,3.0234814,1.1910394,-0.96298015,-0.7788493,4.209437,1.854318,-4.0174785,0.30425283
attn_1_3_outputs,27,1.7428371,3.5591905,0.7766776,0.032996748,-4.145624,-4.513701,-1.8303967,-5.674975,1.7260535
attn_1_3_outputs,28,-0.39272356,-4.4393954,6.88169,-0.9328453,-2.2437592,-5.7239733,0.7600122,-3.469206,-2.3255534
attn_1_3_outputs,29,0.55426776,-0.57129246,1.1024861,-4.534629,-1.674773,-2.6621003,2.237065,-1.6136392,-0.017709132
attn_1_3_outputs,3,4.42266,-1.1654476,-2.4896817,-2.2818747,4.300295,-1.1618289,-6.7748327,0.10962076,0.7357101
attn_1_3_outputs,30,-2.22728,-1.859126,2.148445,-0.26333034,1.2788188,-9.6694975,1.1298262,-1.6601976,0.43530086
attn_1_3_outputs,31,-3.1083505,1.044715,-0.60575885,2.5003808,-13.855325,7.6535244,-10.9896145,1.2491316,-1.4126847
attn_1_3_outputs,4,1.3997865,-2.1492467,-1.7901462,-0.60123414,-0.06760188,-2.8628304,-1.2577983,5.6079655,-0.25210416
attn_1_3_outputs,5,-0.7842227,0.7096251,0.0034571842,-3.6072676,-0.8324072,-0.86252034,-0.056647148,-1.8434298,0.24512652
attn_1_3_outputs,6,-3.7738945,-3.882505,2.5145686,-3.9426448,-0.47855818,-3.5581698,6.436362,-5.6871037,-0.33900893
attn_1_3_outputs,7,-1.7601308,-0.0140526695,1.3258252,0.65867954,-5.722308,0.8755956,3.1031597,0.14518622,0.48080334
attn_1_3_outputs,8,-0.40328133,0.40862924,-0.6037267,1.595522,-2.2364557,2.254567,-0.9796728,1.8845127,-0.91818327
attn_1_3_outputs,9,-5.2669377,-2.8077657,5.1094594,-0.9003911,-4.2943645,-5.0127864,2.447333,-6.358567,2.35274
mlp_0_0_outputs,0,0.37401515,-0.43734533,-0.25165397,-0.2304326,0.4465376,0.50535905,-1.1070635,-1.1902087,-0.42900848
mlp_0_0_outputs,1,-0.34053585,-1.9973726,-0.2694266,0.5097358,0.026039395,0.3990983,0.8223409,0.12024767,-0.105727345
mlp_0_0_outputs,10,-0.07585208,-2.7528312,0.023994679,-1.8138257,-0.9617235,-2.7000191,1.6751641,-1.3248746,1.2366679
mlp_0_0_outputs,11,-0.12568751,-1.6256775,0.52228636,0.058771163,0.4802083,-0.9603802,-0.83288795,-2.217198,-0.28022298
mlp_0_0_outputs,12,0.25041828,-0.10532845,1.3151519,-1.080105,-0.8712348,-0.6016851,-2.10085,-0.24153353,0.17114988
mlp_0_0_outputs,13,-0.9660385,-0.28702125,-0.21089429,-0.74621683,-0.7695301,0.91516775,0.23470435,1.3439633,1.2938298
mlp_0_0_outputs,14,0.43971598,-0.8989754,0.9948921,-1.4101465,-1.2876712,-0.17028795,-0.9938385,-0.16711684,0.73324895
mlp_0_0_outputs,15,0.49889886,-3.7136092,0.41946718,1.2526664,-0.41956016,-1.0506983,-1.5962604,-1.7778201,0.26143846
mlp_0_0_outputs,16,1.245208,0.67087317,1.0876625,-0.74771804,0.4744658,-2.4268146,-1.96668,-0.6066803,0.15921229
mlp_0_0_outputs,17,-0.67708874,-0.4194931,-0.24446385,-0.8839246,-1.1133724,-0.12236618,0.3612227,-2.259812,1.0135295
mlp_0_0_outputs,18,-1.7844455,-2.475759,-0.90009815,0.020472575,0.21134424,0.09078379,0.9789224,-2.7077441,0.71051013
mlp_0_0_outputs,19,-0.23281035,-1.1880102,0.12634268,-1.2350615,-1.6516012,-2.1904507,0.9185038,-0.16722538,0.3185908
mlp_0_0_outputs,2,0.4001185,-1.2938445,0.060360648,-0.13295332,-0.45949012,0.11969861,0.13478582,-1.0668169,0.39470726
mlp_0_0_outputs,20,-0.52440214,-0.5116954,-0.4231639,-0.67164284,-0.79104424,0.0859762,0.03466527,-0.77898633,3.142346
mlp_0_0_outputs,21,1.6328509,-1.4620448,0.58218485,-1.3808564,0.58825964,0.32731003,-0.98406,-0.5051725,1.07015
mlp_0_0_outputs,22,-1.4511564,0.648794,1.2346091,-1.5175751,-0.48029253,-0.83528286,0.020192992,-0.23717614,-1.2882009
mlp_0_0_outputs,23,0.0076158247,-0.7721929,-0.0560082,-0.6454678,-0.21313581,-0.69447356,0.12058139,-1.0101099,0.2615428
mlp_0_0_outputs,24,-0.9263356,-0.75217277,-0.064709164,-0.927812,-0.07493202,-1.8834305,-0.5975174,-0.74125314,1.4087651
mlp_0_0_outputs,25,-0.2978901,0.64039713,0.94582725,-1.9040815,0.94165707,0.37428856,-1.179883,-0.8116178,1.135292
mlp_0_0_outputs,26,-0.4688704,1.2064728,-1.2973955,-0.031380046,-0.13979521,-2.6087542,0.51545423,-0.87182194,1.1704615
mlp_0_0_outputs,27,-0.7086123,0.087773025,-0.4159957,0.5482991,-1.9215224,-1.388233,-1.848287,-1.0189967,1.0735744
mlp_0_0_outputs,28,-0.39275587,0.52119464,-0.18378127,-1.1125028,-1.2468908,-0.08354007,0.11698086,-0.06453466,0.86194956
mlp_0_0_outputs,29,0.95108646,0.37634757,-0.6396565,0.23445104,-1.0708555,0.40141824,0.20716085,0.39919788,0.23185518
mlp_0_0_outputs,3,-0.5744195,2.9561412,-0.68089986,0.3727496,0.065602005,-1.317759,1.4229354,0.8243537,0.32721847
mlp_0_0_outputs,30,0.861405,-0.09117257,-1.0076092,-0.24872889,-0.1225541,-0.81909806,-0.75008696,-0.45002258,1.6384295
mlp_0_0_outputs,31,-0.7460659,-1.2480794,-1.4451947,-1.1527259,-1.1382728,-0.86255884,-0.6667965,-1.515213,3.244675
mlp_0_0_outputs,4,-1.8760915,-0.36027128,0.8119131,0.3123802,-0.64618295,0.31183925,0.14838241,-1.4074279,-0.038432963
mlp_0_0_outputs,5,-1.8420799,-0.7115281,1.1452549,-0.48759836,-0.06619369,-0.022088923,1.0838965,0.69579387,0.074406065
mlp_0_0_outputs,6,0.30469713,-0.6067459,0.46257156,-1.0745529,-2.1843028,0.6682768,-0.91112834,-0.41500977,0.091581956
mlp_0_0_outputs,7,1.3174169,0.50131583,-0.27987725,-0.7907452,-0.3878559,-2.462737,0.25898677,-2.16968,1.6894919
mlp_0_0_outputs,8,1.1031809,1.0231367,-1.0837309,-2.4832034,-0.35423604,-1.6473581,-1.5404047,0.6804038,0.85194737
mlp_0_0_outputs,9,0.8846888,0.0032323292,0.24202037,0.8385444,-1.2079797,0.40218243,-0.14789246,-0.6458351,0.34753984
mlp_1_0_outputs,0,-0.06530882,-0.13295738,-0.93730295,2.3558419,0.075462416,-0.9606152,2.0055852,-0.83466613,-1.934688
mlp_1_0_outputs,1,-0.76513165,-1.2597026,-0.46259156,0.96478856,-1.8388665,0.43665203,-0.7661409,-0.8273258,0.6132363
mlp_1_0_outputs,10,-0.5189261,-0.74560314,0.8836768,0.11136978,2.1391318,0.30041045,-2.0903332,-2.2063582,-0.6681647
mlp_1_0_outputs,11,0.3505444,-0.010503651,0.18727264,-0.085469484,-0.74074775,-0.58619046,0.14000127,0.37803692,0.6300389
mlp_1_0_outputs,12,0.2530042,0.16562288,-1.1256707,-1.0456126,0.68390983,1.2270179,-0.4955544,-1.3630564,1.0197698
mlp_1_0_outputs,13,-0.71963614,-0.18666083,2.441443,-0.30807963,-3.1500893,0.22656552,0.5267706,-1.2598125,-1.0248679
mlp_1_0_outputs,14,-0.51265544,-1.4720457,0.40094638,-0.8179782,-0.360032,-0.7679418,-0.56867164,-2.3045473,0.8695194
mlp_1_0_outputs,15,-0.038832713,-0.7273949,0.26048088,0.048955314,-1.6622546,-1.2843201,0.7702074,-1.9306598,-0.05947406
mlp_1_0_outputs,16,0.32090384,-0.003653186,-0.94135094,0.032550354,-0.633529,1.6571108,-2.0874696,0.14892045,0.19880366
mlp_1_0_outputs,17,0.1729468,-0.5571866,-0.65718776,-0.6531372,0.98196256,-1.3662224,1.4402722,-0.7375605,0.49318263
mlp_1_0_outputs,18,-0.35720432,0.26748195,-0.061204188,0.32066295,0.40278515,-2.8857524,1.1696739,-0.8050372,0.8007047
mlp_1_0_outputs,19,-1.6149526,-1.6111512,1.9630758,0.56648606,-0.52836776,-2.3716583,-0.022077046,-1.1753279,0.5209694
mlp_1_0_outputs,2,-1.359689,0.050530855,1.4623098,-0.50876284,-3.3885581,0.9263339,-1.7678913,-1.3819132,-1.548583
mlp_1_0_outputs,20,-1.4203385,-0.032108985,-0.70364416,0.17686304,-1.1909643,-1.1828111,0.9130574,0.5439933,0.8763941
mlp_1_0_outputs,21,0.62357455,-0.6649967,0.3559375,-0.07151843,-0.5853894,-1.8417872,-0.99217236,-1.0891038,0.5677059
mlp_1_0_outputs,22,1.1681265,0.44809255,-0.6219976,-1.3936521,-2.7156396,-0.14983107,0.54325175,0.40270582,0.1159684
mlp_1_0_outputs,23,-1.1541395,-2.740576,-0.8715264,0.24996835,-0.6702917,-0.40446717,-0.60994345,2.6677136,2.2190874
mlp_1_0_outputs,24,1.0423671,-1.5720013,-0.21233608,-0.48177385,-0.1412907,-0.11889913,-2.8966901,0.59159523,0.4055717
mlp_1_0_outputs,25,-1.7019624,-2.3787875,-1.9241027,2.5905998,-2.1405647,1.7551621,0.8732939,-1.7349944,0.82841665
mlp_1_0_outputs,26,0.15717582,-0.21032563,0.24503115,0.081741445,-1.4380296,0.51994276,-0.91422826,-0.40034482,-0.27250358
mlp_1_0_outputs,27,-0.9417765,1.6025949,-0.3512941,-0.6759742,-0.015223734,-0.686608,-0.35191748,0.32653382,0.97352827
mlp_1_0_outputs,28,-2.5659974,-0.59137326,-1.6190128,0.46543345,-1.6477348,-1.2593164,-1.5014647,-1.0254462,1.4083122
mlp_1_0_outputs,29,-0.570546,0.29558277,-1.076576,-1.2147309,-0.86329156,0.35451683,-1.3660431,-1.8519455,3.0518484
mlp_1_0_outputs,3,0.10183356,-1.5311106,0.48617104,-0.38599002,-0.26286152,-0.69457513,0.68094283,-0.65290034,-0.16860986
mlp_1_0_outputs,30,0.5663508,0.74514735,-2.7512994,-0.18173414,-0.66878456,0.40335876,-0.5556886,-1.1864984,-0.36168018
mlp_1_0_outputs,31,-1.6568837,0.59275323,-1.8799295,0.9680186,0.8753766,-0.9057411,-1.3338764,0.48799542,1.1995004
mlp_1_0_outputs,4,-1.2509713,-0.3544787,1.1510291,1.4306818,0.49113488,1.2352564,-1.7742338,-1.0693882,-1.9937845
mlp_1_0_outputs,5,0.1082496,-1.5978491,-0.2603853,0.22756502,-0.2926525,0.39303213,-0.20841959,-2.120176,0.41048816
mlp_1_0_outputs,6,-1.1101373,-0.3080965,-0.84384906,-1.8089985,-1.038164,-1.1264446,0.5349027,-1.7225072,1.0848681
mlp_1_0_outputs,7,0.4097725,-0.79970884,0.21771097,-1.1066852,-2.5878315,-1.4026476,0.24954073,-2.0282388,1.141487
mlp_1_0_outputs,8,-2.0125268,-1.7286515,-0.8146337,-1.085688,0.8889655,-0.34258345,-1.8277917,0.090547234,2.6020343
mlp_1_0_outputs,9,-0.9733956,-0.21959029,-0.16506125,-1.4444863,-0.338352,-0.5340457,-1.3339586,0.0513438,1.4842299
ones,_,0.14622857,-0.44385266,0.2066291,-0.07593219,-0.84612036,-0.53213716,-0.46022072,-0.46587735,0.23050322
positions,0,-0.012995202,-0.037392978,0.21504769,0.35060528,-0.046092696,-0.13518295,0.38891292,-0.051693708,0.040687714
positions,1,0.75417733,1.6736091,2.7536933,2.709513,-25.238476,-24.895842,-24.91891,-26.291428,0.83888996
positions,10,0.49432054,-2.870502,-0.8138155,-0.13141008,2.5668972,0.28660217,-0.093588226,2.9205952,-0.2939161
positions,11,-0.33325616,1.3566971,-0.6370877,-0.24279349,-0.45428333,-0.8863953,-0.87433577,-3.3845272,1.443502
positions,12,0.43658674,-1.8548368,-1.4528384,1.801255,1.4907885,-0.70090985,-1.1877426,-0.6392103,0.24682507
positions,13,-1.9318148,0.1291296,-0.54983145,0.551547,1.2214807,-0.41338986,-0.6518119,-0.77374244,0.03973494
positions,14,-0.6351453,-1.8720763,0.41696146,-0.75802654,2.7370286,0.79628164,-0.5427209,-1.837713,0.54566073
positions,15,-0.57806295,-2.0652864,-2.045587,-0.82290244,4.0216656,1.3985773,-0.7105098,0.4891516,0.46933427
positions,16,0.12575024,-0.047132738,-3.1031542,-0.75282407,-0.7866538,-0.875949,-1.8643783,0.43568912,0.07276741
positions,17,0.058951214,1.146295,-3.0105634,-2.4293182,-0.71280324,1.5634909,-3.1065674,1.867359,0.69458354
positions,18,0.6049214,-2.023003,-2.3477623,0.21550207,3.9030774,1.7848551,-1.9012698,1.5362632,-0.52490664
positions,19,1.3032765,-2.581492,-1.2036737,0.59235203,1.2170357,-1.829592,-1.2142664,0.45147035,0.91597736
positions,2,-2.1926565,0.031376064,-1.7901326,-1.5854965,0.8632395,-0.37395674,1.6011723,2.3744667,-0.4804614
positions,20,-0.124115914,1.2268263,-1.6389308,-1.404185,-0.10274994,0.5550803,-1.2388501,-0.5140828,0.040006306
positions,21,0.2302628,-0.13230796,-3.150721,-0.41697717,-1.7237221,2.5599034,1.314241,-0.67661184,-0.025377514
positions,22,-0.44938332,-1.967153,-3.684625,-3.2132611,5.0701036,4.000683,-2.105664,0.95252883,-0.15237091
positions,23,1.4317565,-0.16361672,-2.3473291,-1.2700796,-0.74739134,-1.9523754,-0.5426584,-1.9642086,0.18264034
positions,24,-1.0560536,-0.55499154,-2.4070237,-0.20489866,4.198185,2.0957215,-0.79340297,-3.242119,-0.31174883
positions,25,-0.13022725,-2.6624267,-0.6315692,-0.25612268,3.6270263,-0.48010382,-2.2066855,-1.3862407,0.50772655
positions,26,-1.1819928,-0.4684196,1.7322327,-0.06459412,-4.232666,-2.9385717,0.7860954,0.7987444,-1.0519797
positions,27,-2.1538882,-1.696124,0.7317996,-2.6249335,-0.6024664,-0.9335883,0.042236358,5.5499816,-1.9483485
positions,28,-1.6345053,-3.129839,-1.6206756,-2.2723937,0.6969645,3.3788414,-1.3856095,-3.616653,0.19953248
positions,29,-0.36499277,-6.5608206,-10.248718,-9.324238,-0.8874063,2.4506037,-4.0363083,3.0917246,-1.1565257
positions,3,0.4825385,0.50645834,-1.5339566,-1.6806399,1.3492894,1.7193704,0.37199163,0.588,-0.8493918
positions,30,-1.144348,-1.5784503,-1.4238517,-0.8658731,-3.0771005,-3.2604108,-7.096194,-1.5361888,6.20547
positions,31,0.3153198,-0.02490856,-0.28632045,0.74969596,0.17644446,-0.34603894,0.039710443,0.4412406,0.5466573
positions,4,-0.32045096,-1.1903911,0.462243,-2.7134778,-0.053982146,0.18486579,1.7141833,1.2380391,0.29480845
positions,5,-0.31094486,-1.4925832,-1.5886493,0.35896313,2.7695556,-3.2730577,-0.1597056,-0.09233007,0.4592537
positions,6,-1.518004,0.80701625,-0.5563134,-0.47815794,-2.0866926,-2.1752264,0.31895408,-0.8204919,1.5232933
positions,7,-1.8620604,0.08179648,-1.355288,0.32505196,-2.6844342,1.7426049,0.9370155,-1.1847935,0.4808013
positions,8,-0.9160561,-0.85038984,-1.8595155,-1.8350242,1.5067232,2.6145036,-0.20881955,0.774293,-0.2530115
positions,9,-0.7385568,-2.149935,-1.0983104,-0.7104356,-3.6004388,1.398658,-0.54595876,0.95812863,1.3015957
var0_embeddings,0,0.023867095,-10.493426,1.0688533,-2.861244,-2.3481836,-4.551185,1.1488571,-3.2493196,-0.4676235
var0_embeddings,1,-6.2557864,1.5093619,-5.020191,-6.7979712,0.7025136,0.29350904,-0.5057664,-4.6255493,2.8239398
var0_embeddings,10,1.9872391,-13.051068,-1.0141232,-1.7222176,3.7235086,0.8551893,-2.7067027,3.549046,3.411588
var0_embeddings,11,0.09449862,-5.9174314,2.047687,5.4041867,-1.2021973,4.146666,-0.04229982,-1.6540883,-0.97302467
var0_embeddings,12,1.1270468,-6.3845253,-5.403838,-0.19381769,-6.7767277,-6.697736,0.5233986,1.1509097,3.482473
var0_embeddings,13,-4.363746,1.9329039,-1.2353662,-2.600458,-2.191566,3.1590145,-5.902091,-6.2249417,2.5426557
var0_embeddings,14,-2.2971048,4.0835886,1.807754,0.18964496,-0.41033846,1.5056744,-2.5891788,1.8050079,-2.4030523
var0_embeddings,15,0.95986336,2.7654755,0.6178199,1.6982162,0.19943601,-0.06692467,-1.3155838,-1.4568968,-0.29125178
var0_embeddings,16,1.2434443,-15.42631,2.5470054,3.8064778,-3.9354112,-13.319687,-1.0118887,7.324652,-4.134107
var0_embeddings,17,1.7642814,2.5383582,1.2689326,-0.702682,8.8273945,2.4917538,-2.107702,-1.2642999,-0.7662684
var0_embeddings,18,3.4302256,-7.7430477,-1.248619,-6.654499,2.854495,-7.794227,3.3124275,0.6421465,0.6288628
var0_embeddings,19,-6.1089425,-9.114528,4.2565575,2.9777527,0.2193151,-5.4857388,0.5648199,3.393763,-0.8457426
var0_embeddings,2,-0.28114077,1.4362708,-0.5962334,-3.0975559,-4.0317593,-0.07466461,-0.6940662,-8.320674,0.82007027
var0_embeddings,20,0.5660878,1.6017152,2.4765291,3.1523378,-6.9512825,0.32184175,-0.13417146,-3.6074533,0.3131946
var0_embeddings,21,1.3963269,-1.0260465,-2.7794552,1.9752697,3.1655526,4.3293767,2.3849328,-0.160505,-2.8226166
var0_embeddings,22,-1.889361,-7.621334,0.9835949,-7.0113907,-0.5656442,-0.48394305,2.5452895,-10.180419,1.5204821
var0_embeddings,23,-11.159219,3.148945,-5.0698586,6.169232,-10.21641,-6.9183135,-6.2671885,3.846225,5.299387
var0_embeddings,24,-3.0984137,-3.9006228,-2.7979548,3.6669302,4.717716,1.0362453,-0.20207477,2.5035553,-1.6683857
var0_embeddings,25,1.0269439,4.3739214,0.8970611,-0.31259924,-2.5217605,0.009190236,-0.4615218,1.4401884,-0.9555335
var0_embeddings,26,2.7877672,2.891748,2.101531,-2.877035,-3.2132576,3.4766946,1.1248223,-10.581593,-0.74607116
var0_embeddings,27,-2.6399357,-1.9539392,-1.6874542,-0.5113369,0.17603485,-0.7603034,-3.0317414,2.424096,3.6950161
var0_embeddings,28,1.1720917,-4.780231,0.7561213,1.68862,2.1025403,-2.9213717,1.0136148,2.8371062,-0.88537836
var0_embeddings,29,2.786375,-2.45268,3.1238837,2.8245263,-7.021884,-12.140037,-4.0105515,2.5122597,-3.1100266
var0_embeddings,3,-0.31880313,0.2636623,-2.256858,-5.3685036,-0.12864186,-1.3885,-2.891079,-4.4043374,0.41571808
var0_embeddings,30,-5.4481215,-5.034769,3.1708844,1.7258873,-1.7775774,-4.958876,2.3688931,5.4154053,1.1042656
var0_embeddings,31,0.3603899,0.78950787,-0.71577483,4.2076554,-8.713344,4.58831,-6.829487,3.7244246,-2.2503872
var0_embeddings,4,-1.5210214,-7.626449,-1.2939323,-6.385569,-3.6045837,1.5379578,-0.5339156,1.8671554,1.7955817
var0_embeddings,5,-2.3577833,0.97299075,-2.2808275,-7.5220475,2.253971,-1.0484533,1.7008533,-9.122337,1.3377254
var0_embeddings,6,-0.93472034,0.6394557,2.6925836,-5.9803224,-4.1337137,0.7058603,3.1371472,-9.849396,1.8284944
var0_embeddings,7,0.077687934,-1.699995,-0.734345,-3.68361,2.1133645,-0.43020782,-0.120901376,-6.7407904,1.111411
var0_embeddings,8,0.7340866,-11.453545,1.449391,-4.357391,-0.7319511,1.1480442,2.0596952,0.39606348,0.008342047
var0_embeddings,9,-0.87882423,-7.076956,3.5098975,-3.8061934,-5.4504585,-6.055618,3.8283062,-7.0178027,1.3601127
var1_embeddings,0,-4.213181,1.9852635,-3.1194272,-5.0482097,-3.3224304,-11.723493,4.749715,-5.363932,3.7564826
var1_embeddings,1,-7.9740186,-9.489605,-10.002464,-3.6865726,-10.294361,6.140463,-9.410835,-3.6267831,2.928963
var1_embeddings,10,2.8043244,-2.6289966,-0.09499453,3.3573184,0.030712137,1.9823903,0.12565969,1.2830409,-3.9428713
var1_embeddings,11,5.673828,4.219229,1.7925549,-7.1559744,1.4755396,-13.057993,2.320423,-4.673006,-5.7975755
var1_embeddings,12,-3.9561484,-0.090311974,-0.24993052,-1.6005656,1.1678646,0.0044132452,-1.0342842,1.6586399,1.3247337
var1_embeddings,13,-1.4861308,-1.0620582,0.55453485,1.3660454,7.076081,2.343776,-4.596538,1.5226301,-2.3426561
var1_embeddings,14,6.856394,6.3171654,-3.4563518,-5.022041,-4.333953,-2.8630729,0.86454844,-3.7132502,-3.2772455
var1_embeddings,15,-9.200865,1.2746159,-7.3095098,6.7158937,2.6541083,1.3325015,3.6795778,6.932924,-4.179945
var1_embeddings,16,2.5166311,-10.094846,1.9191248,-6.442805,-2.7658155,-8.0685835,-5.1940427,-11.296289,3.0489697
var1_embeddings,17,0.17344771,-8.539734,-2.100098,5.080809,5.227957,-11.192626,-0.2960904,7.3785458,-2.7581825
var1_embeddings,18,2.9625738,2.2138157,6.1088862,2.3963323,-12.220313,-14.773188,5.593231,-7.964655,-3.451723
var1_embeddings,19,2.5055153,1.1300532,1.177584,-9.041419,3.8821824,3.2259436,0.87955815,-8.755368,-2.502784
var1_embeddings,2,-4.394068,3.1429417,-0.27730507,7.088494,-7.0596457,-9.01103,3.4024262,-0.73240244,-4.4287343
var1_embeddings,20,-5.1767097,-10.853808,5.59422,-7.59783,-13.110699,-3.078084,1.5729866,-5.291309,0.8108656
var1_embeddings,21,-6.762522,5.0812917,-2.829354,-6.9286847,-9.573001,-8.551364,-8.392186,-6.3280506,4.35696
var1_embeddings,22,-3.42624,-9.937309,-1.1734843,-2.4345117,3.4202328,1.1312896,-3.112485,-2.8787954,2.305605
var1_embeddings,23,-4.4005923,-9.96098,-4.4045973,6.544906,-11.408456,-8.013058,-3.4733481,3.3703232,3.7879505
var1_embeddings,24,3.6363237,-14.027753,1.3212345,5.0562873,-7.82707,-0.25783977,-11.840668,7.8532805,-1.8002462
var1_embeddings,25,-6.7772446,-14.001182,-9.386137,-4.1030226,2.0268793,-5.8819447,1.1175144,-5.9568253,3.8578093
var1_embeddings,26,1.4805948,0.9398877,-0.97912693,-4.907689,-7.7533765,3.163383,4.377251,3.8135786,-3.3171065
var1_embeddings,27,-4.6071877,-2.0267336,-5.082686,-5.82654,3.0662026,-3.8912997,1.0562534,-10.776082,2.474911
var1_embeddings,28,-1.4494762,-0.1193206,0.21810752,0.5425122,-1.9714304,1.6988252,-1.2511897,0.06654034,1.4564844
var1_embeddings,29,-7.849163,-21.939487,3.3384686,5.659021,1.691768,-17.109991,3.82167,3.2305734,-3.2462952
var1_embeddings,3,-0.33545148,-3.301713,2.1160624,3.1200142,1.1520075,0.84105176,-4.411788,0.89351386,1.1018605
var1_embeddings,30,5.1038175,-2.0119493,-1.9757175,0.9149349,-11.295578,3.4142113,5.798645,-3.096704,-5.715286
var1_embeddings,31,-6.6166725,3.9150665,-2.9709773,-2.7568126,-3.695505,3.9619412,-1.1933993,-5.9294424,1.7916777
var1_embeddings,4,-2.4949675,-9.761204,-4.5293922,0.6974049,-4.9212475,-0.06693049,-1.9843434,-0.85602355,3.7238348
var1_embeddings,5,-8.61727,-10.030393,-5.3054075,-3.5796194,-9.236715,-10.801342,-1.896655,-7.124219,4.7400866
var1_embeddings,6,-0.2959732,1.3467432,0.56509733,1.8724356,-4.6643095,-5.975445,-1.3910185,0.79310966,1.0509067
var1_embeddings,7,3.640826,1.0944849,2.831555,-4.341904,4.9514723,-1.266061,1.6025363,-9.249283,-2.234102
var1_embeddings,8,-3.7322931,-0.23170213,-1.4602547,-0.19727789,-7.316209,-0.59748423,0.6215638,-8.460675,3.9447563
var1_embeddings,9,2.15513,4.203505,3.4990797,-7.737756,-8.597749,4.708715,-7.28061,0.762404,-4.603063
var2_embeddings,0,1.9957962,0.7469886,-0.40298936,-1.374275,-0.41033626,-4.2624454,0.44033292,-0.9704373,0.79683477
var2_embeddings,1,-1.618021,-15.252042,-3.2446265,5.445611,-14.252553,-14.395296,0.42968914,-0.75818896,2.391416
var2_embeddings,10,-1.5591546,-3.7933183,1.0401268,0.5541051,6.218334,-2.7813168,-1.7766136,2.2971048,-0.62188977
var2_embeddings,11,1.1968235,0.2536057,0.43669897,0.38879514,0.8830808,-2.62743,1.6398579,0.16038428,-0.10980355
var2_embeddings,12,3.7671378,-0.7463843,-5.771536,-0.019066997,8.852222,-0.6049986,-0.5922412,-9.69449,-4.934848
var2_embeddings,13,1.0795678,-4.2011623,1.4915282,1.6961144,1.943406,-6.4488897,3.221888,4.6094594,-2.2306232
var2_embeddings,14,-4.4281497,4.015134,2.8139694,-9.442144,0.1862063,0.5893382,3.5922198,-12.1554365,-2.4934595
var2_embeddings,15,-4.0829663,-0.9777417,-2.8424146,2.753481,-4.8895063,0.49945056,-1.0582008,-4.7384663,2.6231096
var2_embeddings,16,4.989175,2.5505853,1.903783,3.2532592,-9.709405,-10.342326,-8.279886,-2.170037,-4.9190264
var2_embeddings,17,0.38935116,-2.4842632,-0.066797726,2.1768677,0.57516,-5.2191076,0.012960124,3.218968,-2.5341518
var2_embeddings,18,1.1269976,-8.707344,3.06521,-3.5127199,-17.120232,-5.154163,-2.5473213,-12.392487,4.0559635
var2_embeddings,19,-5.0805774,-0.36312827,-0.8953943,-9.980842,-6.3128514,3.031812,-2.8836033,-10.685111,3.2914739
var2_embeddings,2,-4.2282543,-21.42449,3.7915413,-3.459829,-12.963915,-15.134626,-8.018401,3.9059436,4.945936
var2_embeddings,20,-2.520272,-0.2797598,1.3019848,2.648515,1.2629299,2.3120775,0.41194487,3.8337462,-3.9470515
var2_embeddings,21,5.689198,-5.8061185,2.1276069,-7.2275114,-5.88728,6.613474,-4.5363703,-3.060991,-4.4927297
var2_embeddings,22,3.2991583,1.6916703,2.288855,1.0215033,0.28618783,-11.199011,1.9843078,3.8388982,-6.025365
var2_embeddings,23,-10.227741,1.5042526,-2.612003,-6.3894567,-1.7687382,2.903234,0.80251724,-7.7828093,2.965006
var2_embeddings,24,-5.9822497,2.9423413,-4.548992,2.7119062,-14.707465,-8.074094,-3.484621,-3.7198436,3.1747591
var2_embeddings,25,-3.1602716,-4.3708024,-7.005843,1.6696845,-9.7378,-0.34464654,-5.9970922,6.6089244,2.9921155
var2_embeddings,26,-3.0472302,-4.421853,1.1409004,2.607487,4.978209,6.9054165,2.1545765,-6.4146476,-1.7855322
var2_embeddings,27,-0.86732596,-12.545589,-6.052254,3.0915864,-8.234074,1.5528518,-3.6138651,-4.8179984,3.9691472
var2_embeddings,28,-0.70668596,3.2256675,-6.955837,-4.96386,-0.5561823,-3.1444006,-5.3387585,-6.516404,2.1372721
var2_embeddings,29,3.6299076,-12.021232,2.2224016,-4.8484225,-6.262194,1.52873,1.5529238,1.7169616,-4.459175
var2_embeddings,3,3.2628374,2.6979587,-2.865509,-3.451051,4.944792,1.8195583,1.4350405,-10.043315,-4.4798713
var2_embeddings,30,4.3077965,5.1369696,-3.2092497,-1.442315,-5.2513947,0.09106994,2.7120714,-0.90506846,-5.8727713
var2_embeddings,31,0.46177423,0.47067598,-0.3046207,-0.08388462,-0.45395356,-1.6999601,0.7701238,0.37807992,-0.1926143
var2_embeddings,4,-3.7647114,-7.5219154,-4.2767057,4.766652,5.44423,-12.199259,4.3891196,4.4757137,-4.989731
var2_embeddings,5,-9.392139,-1.5766065,-4.671026,1.2311864,-0.070325956,6.8017945,5.994753,-3.7083495,0.47398728
var2_embeddings,6,-6.7877,-9.825202,-1.4486793,3.285632,2.8226988,0.40029365,-4.551711,-2.987761,1.8343905
var2_embeddings,7,-4.810298,-9.873791,-2.8487341,-3.0786796,-9.733037,-10.213092,2.0663466,-2.4268248,4.3919964
var2_embeddings,8,-5.7312307,8.077568,7.6716104,-3.4451818,-9.151665,-4.742828,-9.710281,-1.1665221,-6.117876
var2_embeddings,9,-0.75257427,2.0662332,1.8083918,-0.60887367,2.223589,-1.392654,1.2672333,-0.041162297,-1.5589093
var3_embeddings,0,-13.189238,4.708028,-14.463295,2.9464154,-8.219731,6.4250126,4.3324237,1.9288708,-4.259529
var3_embeddings,1,-3.455473,-8.92482,-4.0984693,-4.1687045,-4.967352,-8.873114,2.8176916,-3.9382825,5.729102
var3_embeddings,10,0.59519833,1.1824656,-4.8525467,4.224572,1.57269,3.1794934,-3.591667,3.8208218,-3.1487658
var3_embeddings,11,-12.197746,3.2877393,-1.9744624,-1.7252121,-2.7083602,4.4396386,-8.7902,4.9176517,-0.6193272
var3_embeddings,12,3.0857773,5.6298065,0.15132505,-6.416068,-2.5906107,9.194456,-2.4608543,-8.158273,-2.1183658
var3_embeddings,13,-6.147379,-11.069199,-5.0454392,-5.513008,-8.063867,-3.90108,1.5699577,-9.265318,6.2349563
var3_embeddings,14,-2.6566818,-1.6828598,-3.8305159,-1.5930741,0.3186551,-3.7094069,-0.1955872,0.84118044,4.0662556
var3_embeddings,15,-9.105054,-10.389372,-6.018107,2.7305686,-0.61999136,2.975434,-7.45358,-6.114759,3.3901002
var3_embeddings,16,2.3312216,1.263565,0.470336,-0.2589877,5.077502,-8.893191,-2.7801278,3.3245754,-2.1865811
var3_embeddings,17,3.0957642,0.6479774,1.3677233,-11.316766,0.44177008,3.2775278,1.8525561,-7.2762203,-0.6307923
var3_embeddings,18,-8.011492,1.9849479,5.5839024,1.4063144,-2.8543887,2.8568702,-2.5603042,-0.589129,-6.14701
var3_embeddings,19,3.687785,-13.600809,2.4487205,-7.5702267,2.9003034,1.5229603,4.0459337,1.217714,-4.7890306
var3_embeddings,2,-6.799603,-8.479097,-5.0074673,-8.098117,3.849727,-5.031176,2.821413,-10.96629,5.0358973
var3_embeddings,20,-0.864723,4.222706,-3.5390244,8.753733,-9.070696,-8.906708,-0.71213454,4.330598,-5.820358
var3_embeddings,21,-7.430007,-0.4928079,2.7849064,-7.9085073,-4.903858,-3.208855,-4.2189956,-12.431259,3.524018
var3_embeddings,22,-0.8092851,-1.095412,-0.36950257,0.3755368,2.3920934,-0.5469029,1.9856884,-0.23091906,0.84012145
var3_embeddings,23,0.92620414,-10.506559,3.9701812,0.7559671,-10.49851,-8.27711,-7.4087205,-4.069908,1.3410265
var3_embeddings,24,1.4997257,-3.6538286,-6.9652133,6.906099,-13.091465,4.454488,-2.6657257,4.297792,-2.2868166
var3_embeddings,25,2.8615618,-5.9832463,5.084023,3.7472322,-4.729209,-16.345736,4.202199,-4.9568267,-5.0828753
var3_embeddings,26,-1.3686918,-6.6332903,2.3273768,-3.966963,-8.547862,-6.3481636,-7.6989417,-5.268346,2.9541042
var3_embeddings,27,-5.869163,0.7547121,-8.228997,2.182228,2.1430945,-7.7595053,-11.072274,1.7799745,2.889672
var3_embeddings,28,-3.864885,3.4123816,-0.9397401,7.9094205,-12.327078,1.2832808,-1.7590551,6.142599,-6.225223
var3_embeddings,29,3.6331496,-1.458475,-1.1959019,3.175084,-8.595224,-11.806991,5.550806,0.5480399,-3.8291485
var3_embeddings,3,-0.8604288,-8.694012,2.2000492,-4.110071,-3.3715343,-8.496895,-2.3543315,-5.2148,1.9430503
var3_embeddings,30,-5.8027163,-12.636081,-3.5807016,-3.9998667,0.51222974,1.5325798,2.166377,-4.7670493,3.2899036
var3_embeddings,31,-5.4746027,4.8446136,-9.19444,-2.520094,-8.245429,-7.7730002,-8.35788,3.8524199,2.5022993
var3_embeddings,4,-11.69818,2.6105924,2.9956248,-7.8174357,-16.178078,-12.786436,4.5112185,-6.7865224,3.3168125
var3_embeddings,5,-4.2712183,-2.1554773,0.32098004,-1.209035,-0.55717796,-2.4667313,-4.1353984,-11.477717,3.656539
var3_embeddings,6,2.205486,-2.8699882,3.7576919,-1.3177285,3.5409043,-4.0226307,-0.67139167,2.0488105,-3.208097
var3_embeddings,7,0.5908188,2.1295354,2.3805635,-0.8854271,-1.8388147,1.9957789,2.0732818,0.8405007,-3.2316945
var3_embeddings,8,3.0792313,3.1496434,-3.151843,5.5722976,-10.668581,-10.516809,-5.2480106,-3.2915092,-0.96347564
var3_embeddings,9,6.0238137,-3.145475,2.5856097,-1.9405284,3.1923707,-3.5625155,3.4777207,-8.7482395,-3.329302
